DRAW_ID;N1;N2;N3;N4;N5;RANK1;RANK2;RANK3;RANK4;RANK5;RANK6;RANK7;RANK8;RANK9;RANK10;RANK11;RANK12;NB_TICKETS
1;2;14;21;36;46;0;0;7;34;615;1215;1340;20089;27820;56355;109548;411040;20418538
2;13;25;32;38;46;2;3;13;43;976;2515;1874;28407;41816;102769;151524;610112;33768050
3;1;6;13;17;26;0;6;11;98;1334;2298;3520;44519;50062;84941;206660;624396;22520918
4;10;13;20;33;41;0;5;10;88;1619;3041;4207;59447;65557;122853;287234;911202;37061903
5;10;15;17;40;45;1;2;7;37;728;1488;1552;24674;32263;65960;128733;504141;23174733
6;3;9;20;30;42;1;9;24;147;2617;5699;6351;88855;115019;242327;460652;1654248;75524187
7;20;21;27;33;40;0;8;20;92;1666;3598;3966;59049;79529;170385;311905;1180081;55515157
8;1;13;40;48;49;0;4;17;90;1752;3796;4011;59285;83057;176565;324314;1216920;63683745
9;4;5;15;23;32;0;3;17;180;1957;3597;6432;87493;80675;150241;429212;1098027;44274910
10;6;29;42;45;47;0;7;11;67;1345;2798;3180;47840;66359;137363;257481;1020716;54213147
11;9;21;28;30;38;0;4;13;67;1404;2930;3074;43499;60294;125890;223572;851366;37871816
12;4;13;23;48;50;0;9;19;95;1857;4087;4642;65915;86458;177992;332182;1251070;55615475
13;3;13;15;33;42;1;8;6;112;1351;2138;4318;48279;52607;82385;224154;614986;22379180
14;13;27;35;46;47;0;6;5;51;1028;2139;2218;31705;46193;97471;177830;686451;33649531
15;12;13;14;29;35;0;3;2;36;819;1404;2051;30940;37449;69045;156328;553710;22333044
16;6;8;34;38;48;1;2;17;61;1056;2075;3102;48231;52762;103278;274542;791090;37882650
17;4;29;30;35;50;0;3;6;34;685;1294;1889;30430;34412;66356;174727;549482;26239335
18;9;13;26;31;33;0;6;12;73;1479;2959;2852;39483;60367;123981;193695;828392;34814398
19;8;15;19;24;35;0;6;14;41;835;1868;1644;23058;36886;80856;115505;516528;23378481
20;1;18;23;46;50;0;5;13;105;1471;3059;2795;41382;45467;86863;233497;669207;31149621
21;5;25;31;39;45;0;2;7;28;594;1371;1465;21698;30200;66334;119364;425838;21178683
22;2;9;26;32;38;0;5;2;84;946;1771;3841;46132;44710;81750;226981;660208;29733252
23;10;22;36;45;48;0;6;3;30;632;1266;1175;16939;24862;55265;92387;367469;19788964
24;4;17;29;35;49;0;5;12;30;928;1845;1881;27180;39789;82830;151640;585563;27972177
25;4;7;11;34;47;1;5;11;53;1318;1619;1939;27423;45583;71633;138137;603176;22969603
26;4;5;21;23;30;0;2;12;36;948;2454;1881;26393;44074;108319;135680;624934;28657835
27;7;16;19;22;33;0;2;5;86;1176;1999;3121;39714;46926;79068;181859;595731;21380698
28;21;29;35;43;46;0;4;11;42;733;1642;2057;32074;35447;75220;186086;554002;29608910
29;5;7;19;21;42;0;5;7;42;1219;2247;1876;23895;44103;85143;115018;531277;20208881
30;24;44;46;48;50;0;6;14;41;946;1800;1761;26722;34444;68479;153875;511058;28289624
31;10;23;35;40;43;1;1;4;49;720;1370;1878;28582;31225;57746;152906;463812;21288820
32;9;10;12;24;43;0;1;8;88;1269;2108;3840;53467;57121;96043;261737;781174;29420142
33;1;24;43;45;50;0;0;5;43;563;1052;1684;27470;25736;48843;171630;398816;20016555
34;1;11;29;41;43;0;2;3;41;840;1606;1843;24995;39699;81756;133188;568965;28544151
35;15;18;20;27;34;1;3;7;49;959;1897;2088;28511;40598;82890;149174;560603;24438740
36;5;22;35;38;49;0;6;12;53;1254;2460;2995;44817;50710;98544;251029;734130;33673651
37;8;18;22;24;27;0;7;11;44;981;2381;1617;22415;40172;96919;111342;521405;22734541
38;4;18;39;43;47;0;4;5;47;935;1875;2606;40773;41431;83179;234691;628468;32121669
39;18;22;25;27;39;0;3;7;42;809;1627;1852;25682;36276;73257;129645;497044;21627817
40;31;33;34;39;45;0;1;3;39;721;1671;1688;26027;34224;74872;149285;525121;30722849
41;1;7;20;21;48;0;3;5;43;749;1147;2139;32816;34128;57654;161567;487001;19510966
42;5;15;25;38;49;1;7;11;54;1235;2509;2412;30708;51563;107349;169937;670601;31171494
43;11;13;37;40;48;0;1;3;47;653;1211;1316;21352;30030;56076;117020;468883;21206402
44;16;18;22;28;46;1;4;11;89;1760;3999;3811;57195;81820;184670;302785;1180618;58396077
45;12;18;21;32;33;0;9;14;61;1071;2831;2697;38754;50695;131446;204525;728068;36720070
46;7;25;34;40;49;0;4;19;71;1464;3067;3571;53776;72197;154402;291773;1095967;56033285
47;2;15;32;39;44;0;8;5;43;1041;1874;2536;35787;44537;86650;186537;647988;31398122
48;5;24;27;41;45;0;5;8;64;1203;2229;2752;41512;57208;102942;225568;863242;37073153
49;7;13;16;25;26;0;6;11;62;1173;2526;2595;32372;46798;102445;152797;583253;24024999
50;3;8;31;34;47;0;3;5;47;874;1906;1813;28729;41193;91986;157548;626392;33127890
51;5;33;36;38;47;0;2;7;17;503;1130;1768;27162;27124;54845;155628;422664;22030013
52;23;26;29;37;40;0;1;6;60;1003;1879;2387;34429;46874;86497;185290;699811;31567448
53;4;13;30;34;47;0;3;4;43;681;1387;1825;29895;29450;60435;165287;455796;21431473
54;3;21;26;28;45;0;1;7;48;988;1942;1887;28937;45892;95733;150037;673646;30427158
55;5;19;24;31;37;0;3;11;36;671;1497;1876;26063;29825;64706;133014;431358;19729572
56;4;30;31;38;42;1;5;2;49;942;2021;2346;35400;48548;106374;194919;751434;39220040
57;18;23;26;35;44;0;3;8;46;1000;2087;1826;25179;40932;86973;131887;566592;27077145
58;13;21;24;44;49;0;4;14;87;1248;2406;3234;45733;54163;111497;233461;768789;34804614
59;13;15;20;24;46;0;2;3;32;676;1370;1718;24693;33356;69076;129071;490383;22099633
60;21;24;31;39;47;0;1;8;72;1051;1976;3717;58244;45256;82988;329046;680275;32101784
61;3;14;26;47;50;0;3;8;27;720;1354;1433;21630;30128;63133;114719;450080;22077086
62;8;12;19;30;33;0;11;19;50;1400;3636;2354;31403;55625;137637;159450;730741;33604772
63;11;18;29;42;49;0;5;6;37;636;1522;1397;19798;29635;64621;98177;426196;20785096
64;6;10;28;45;50;0;2;4;51;863;2260;2093;31300;37499;101267;149560;532451;30636804
65;16;18;26;38;44;1;4;2;47;690;1415;1355;18327;28557;62174;93424;403902;20235654
66;3;4;19;28;43;1;6;7;118;1335;2358;5569;77548;60019;100776;368327;844206;32279634
67;7;20;26;28;50;0;5;3;44;666;1399;2308;33757;32234;64627;172691;479144;20388518
68;7;30;37;39;42;1;3;8;66;898;1678;3736;60227;48593;80878;329336;760822;32791102
69;8;27;34;36;39;0;4;4;31;666;1218;1395;21415;29748;59652;115911;427349;21165169
70;6;24;25;27;30;1;7;17;126;2050;3745;5844;83444;92491;167378;440246;1297395;53625159
71;1;4;23;33;44;0;5;11;74;1442;2768;2932;42825;65280;120281;220943;935215;38201602
72;5;10;38;40;41;0;6;11;69;1449;3224;3776;58818;74171;150526;324122;1155676;56688664
73;3;5;22;27;44;0;1;8;35;740;1845;1797;25754;33944;79135;130689;486135;20841335
74;12;32;38;43;44;1;2;6;62;1040;1816;3401;48286;49277;89325;269402;708467;33225784
75;21;25;28;35;42;0;2;8;61;975;2168;2212;30467;32531;67662;158935;457694;21628085
76;13;17;28;30;32;0;5;7;140;1624;2466;5118;67179;63785;101221;320920;852197;31138990
77;23;26;36;37;49;0;0;2;36;529;1024;1453;21462;27430;48987;118157;428931;20284333
78;2;4;6;19;39;1;6;10;91;1531;2407;4417;58602;65796;107491;292652;843544;32947584
79;8;17;25;41;47;0;2;8;22;646;1378;1343;19763;29097;59743;111086;427175;20579734
80;3;17;19;46;47;1;2;10;47;867;1952;1704;26398;41519;94587;138345;630272;32235864
81;1;21;33;37;38;0;1;6;18;493;1026;1634;26279;26166;53044;151424;422991;21139437
82;8;10;15;16;31;1;2;12;75;1620;2832;3220;43527;69584;130093;215855;950121;38236667
83;18;20;23;42;48;0;5;5;31;710;1377;2008;32728;35142;66640;185945;548933;25187855
84;5;19;34;35;41;0;7;5;64;948;1919;2665;43978;47370;88489;234265;758461;35015530
85;4;12;35;42;48;0;3;9;60;763;1302;2439;37093;34015;61786;205569;522270;23683858
86;19;26;32;33;42;0;2;8;37;865;2208;1834;27909;41632;96219;149982;629065;33581583
87;18;20;25;26;37;0;2;7;41;495;1350;1348;19465;24926;69730;106972;374843;22886939
88;1;2;11;27;29;0;10;19;59;1287;3095;2317;31875;55529;133944;156812;735151;33891580
89;2;20;27;33;45;2;9;17;68;1285;2951;2945;41977;58237;134170;225576;861760;44233849
90;3;27;31;38;44;0;7;9;105;1554;2856;5393;74946;74369;135489;380968;1107116;47638222
91;13;20;24;29;45;0;12;6;101;1558;2889;5906;85971;75791;138296;439456;1082996;45449352
92;1;6;13;22;28;0;11;28;87;1888;4306;3264;42466;70862;157019;206501;900498;36451593
93;5;19;31;43;50;0;5;8;46;1008;2232;2731;41355;45377;93673;232031;677996;32341873
94;12;13;17;22;43;0;6;14;61;1341;2966;2724;39669;64216;140480;198624;892592;37231683
95;6;8;27;37;41;0;5;3;32;696;1507;1403;21886;32195;69142;116134;497873;24183123
96;1;22;23;24;31;0;4;15;50;1140;2784;2533;36424;53266;126441;209868;798804;40503753
97;6;24;35;49;50;0;2;4;31;601;1577;1529;22652;27960;54970;129449;421703;21314355
98;1;2;18;31;36;0;2;5;37;657;1603;1700;25447;37181;80648;139978;590296;30895229
99;6;13;15;29;32;0;2;3;65;858;1668;2266;29285;36385;68753;145288;494730;19806139
100;2;7;10;23;43;1;5;6;82;1525;2579;4070;55389;63534;108386;265961;819372;30951662
101;19;23;27;42;44;1;2;8;64;912;1578;3135;43853;40358;66459;209623;559194;21334955
102;13;25;26;40;50;0;13;12;60;1147;2046;2333;34268;51534;95111;179120;747478;32255233
103;14;15;19;36;45;0;4;7;19;465;1188;1017;16244;23652;59713;87926;367278;20452300
104;3;13;15;29;42;1;9;24;126;2463;5594;5076;70063;105363;227662;361622;1426925;61644581
105;14;29;37;40;48;0;5;6;24;600;1303;1159;16861;23969;53292;93111;356791;20002250
106;20;28;35;42;43;2;5;3;41;805;1731;1766;25454;37874;82224;134688;559249;30386409
107;6;12;13;35;38;1;3;5;33;763;1338;1600;24147;35410;60519;122698;529755;20608689
108;7;19;29;30;33;0;6;14;73;1112;2011;3343;47216;51295;94942;234186;708105;27847394
109;9;10;30;32;37;1;4;3;31;518;1011;1556;26924;25128;50714;152910;416630;19591682
110;2;3;10;31;38;1;3;1;47;766;1783;1845;27965;40929;97629;150990;616414;31738919
111;29;33;39;41;44;0;0;2;24;503;1147;1324;18873;25620;54533;99379;381706;20492417
112;5;25;36;46;47;0;3;3;36;727;1589;2195;36632;36127;71811;222425;582226;30611054
113;18;27;39;43;47;1;2;10;76;985;1857;2682;35849;36882;68093;186669;512393;23745699
114;6;12;17;23;43;0;5;19;115;1539;2807;4304;59686;65915;114941;299851;885135;33856161
115;23;24;26;33;42;0;0;5;58;643;1214;2549;38549;36590;61007;202774;538582;22110230
116;6;20;24;35;50;0;7;10;52;1259;1940;2256;34294;43254;88361;177687;659199;32472506
117;19;23;25;44;48;0;4;5;33;722;1278;1563;22680;33112;58287;118201;489713;20917879
118;11;15;38;41;43;1;5;10;91;1092;2207;3222;49379;50055;99397;275793;765310;37244538
119;10;20;26;28;43;0;8;5;33;769;1687;1546;22261;33705;79657;117819;495986;24274535
120;5;11;35;38;45;0;4;9;48;1333;2191;2466;36146;58110;104759;198698;821926;34727542
121;13;17;21;42;44;0;3;10;39;829;1896;1638;23064;36649;82782;114631;502661;22723930
122;4;6;14;27;33;0;7;12;52;1486;3331;3110;42189;66028;148465;216635;909287;39758466
123;7;11;14;28;30;0;17;25;47;1206;3500;1851;22714;43643;106863;109177;501752;21011446
124;11;23;25;32;37;2;6;13;83;1118;2060;3809;52366;54417;97414;268135;786226;33134211
125;5;9;16;18;42;0;5;4;59;834;1425;2381;33164;39493;67872;162760;548258;21237418
126;2;17;25;36;45;2;13;15;77;1226;2072;3360;50261;50919;89764;271821;752836;33256947
127;7;30;38;40;43;0;2;4;29;506;1162;1662;27351;27324;53507;162734;428005;21396241
128;1;6;26;30;37;1;4;9;104;1279;2564;4124;62903;62646;121096;356602;946497;43435038
129;5;11;42;49;50;0;4;4;36;844;1621;2059;28352;39278;81657;146007;579021;28349932
130;20;24;27;37;39;0;5;7;61;1154;2242;2474;37896;50828;102799;201864;757614;36306374
131;5;17;20;47;50;0;1;4;28;797;1671;1741;26053;35488;75044;142231;534557;25384552
132;4;7;9;23;24;0;12;13;88;2175;3724;3851;47494;80580;145170;227709;1003059;35208158
133;16;17;31;47;49;0;2;6;19;577;1130;1312;20205;28176;59573;108966;446599;23183004
134;21;36;37;42;48;0;4;9;44;867;1721;2712;40816;43525;80776;237626;647169;32857966
135;3;4;11;14;43;0;4;6;39;723;1531;1880;26562;33738;74090;136034;490911;21544039
136;12;23;29;38;49;0;6;16;93;1878;3373;3700;54869;78470;145068;291348;1110361;47318707
137;14;15;16;19;44;1;5;1;40;626;1229;1816;26682;32979;56903;136132;516362;20572907
138;13;16;24;26;35;1;4;7;95;1333;2209;4053;53410;59271;96782;266450;802636;31509717
139;19;23;34;47;50;1;3;3;43;586;1400;1856;27666;30253;63406;154386;450737;22119206
140;18;26;32;33;42;0;0;5;53;1046;1715;2292;32295;47717;83117;177964;723564;32260413
141;16;18;31;38;49;1;1;3;31;635;1403;1309;19521;28858;66241;105422;429078;23630930
142;4;12;15;28;33;0;5;19;46;1322;3833;2056;29674;52674;148460;151142;704047;34414477
143;11;13;14;28;30;0;13;13;77;1490;2172;2702;33105;52929;86089;151343;663934;22881061
144;1;15;28;35;47;1;8;22;67;1139;2150;2906;43986;51466;98305;234880;786010;36522583
145;4;5;13;27;35;2;8;20;86;2438;4918;4934;71774;104021;215973;353884;1446703;60872552
146;10;11;30;36;45;0;8;18;112;2092;4243;4734;72704;96694;198263;384140;1461319;68173197
147;17;24;33;41;44;0;13;21;90;1687;4286;3462;49945;65251;162164;261844;903384;47687146
148;10;25;41;47;48;0;6;8;88;1361;2927;3433;52279;66403;142524;288018;1036614;57794527
149;5;7;9;25;41;0;5;19;93;1859;3140;4466;57327;83163;139060;268817;1035361;40277621
150;7;14;26;45;50;0;5;17;144;1928;3573;6135;91216;92839;165460;475285;1396718;59444330
151;31;33;34;37;40;0;4;9;26;586;1307;1381;22549;25215;51983;135077;400061;22789589
152;27;28;29;34;43;0;1;10;60;971;1965;2440;36334;49457;101683;202184;757486;37081285
153;8;13;26;34;38;1;5;8;46;1134;2469;2099;28427;48456;102839;151217;667200;31080504
154;7;17;22;27;40;0;18;19;106;2726;4019;3990;51476;98209;164743;258854;1177783;42875653
155;7;8;19;28;29;0;7;5;97;1311;2325;3703;49444;55694;97875;230549;740640;26551871
156;6;20;24;25;50;0;9;10;45;1045;2357;2208;32595;49915;111986;171433;759671;38111358
157;7;8;24;27;36;0;3;3;39;855;1759;1783;26107;39439;84980;134098;567601;24663446
158;1;32;35;45;48;0;0;6;37;783;1712;1689;25720;36864;80099;143738;561911;33764423
159;13;27;28;42;43;0;3;11;30;700;1497;2150;31116;33956;70919;159674;484737;21866317
160;3;5;34;40;49;0;3;8;33;884;1532;1969;32779;44699;76664;182027;741927;32251659
161;13;36;40;43;50;0;1;8;36;637;1070;1729;28972;27889;50093;165664;437162;20992059
162;11;16;24;38;40;1;5;8;112;1386;2203;3810;53301;56420;94966;281436;808508;33518633
163;1;4;7;10;50;0;7;10;39;1329;2654;1488;19788;41964;92383;96885;492257;21072083
164;1;8;42;46;48;0;8;10;52;710;1399;2127;37501;36551;71559;231646;615173;32152738
165;1;11;22;33;50;1;8;50;91;1410;3622;2337;29548;37291;82386;152459;474392;20822530
166;5;10;15;28;45;1;14;15;129;1992;3798;4879;57577;76189;136986;284592;900870;35184195
167;15;35;38;44;48;0;3;4;43;630;1204;1503;21704;28154;55593;112543;427305;21680348
168;1;11;17;32;39;2;4;11;71;1117;2013;3802;57481;56715;101227;307356;859528;36059040
169;12;17;25;29;41;0;2;10;41;798;1680;1801;24443;34665;74281;123630;487330;21703895
170;13;30;43;44;46;1;5;9;100;1685;3194;4954;78565;81484;154753;457674;1269927;59551802
171;4;26;30;42;44;0;2;11;64;1343;2799;2789;38968;56539;125096;207872;826239;41969270
172;12;27;32;34;49;0;6;16;87;2071;3559;4370;66353;97002;178987;352357;1423559;62572939
173;19;32;35;37;44;0;2;7;49;601;1245;1882;29737;28566;59273;154000;425900;21785569
174;4;14;21;24;39;0;4;13;63;1358;3262;2459;33978;53228;124185;172726;708839;32416095
175;2;4;10;22;50;1;5;9;66;1034;2096;2982;37646;42456;79308;182830;539379;20447043
176;3;20;23;28;42;1;3;5;49;1108;2536;2379;34249;53157;122432;176172;773657;36271456
177;8;19;31;33;39;0;7;4;54;786;1504;2318;34120;36273;68046;183319;534039;22983561
178;1;11;29;36;42;0;3;8;48;1101;1966;2554;38407;50878;91201;211020;786749;33961668
179;3;12;13;17;30;0;1;11;81;1042;2117;2871;37965;43104;86871;176822;559922;21439517
180;15;16;28;36;37;0;3;9;33;854;1946;1842;27584;40424;91572;146684;623884;32053797
181;12;15;28;30;44;1;9;14;51;1238;2126;2029;29031;50212;86780;147848;655273;25838572
182;2;4;22;28;42;0;5;13;94;1465;2658;4102;58688;65881;124185;287792;876245;36839704
183;5;11;16;25;28;0;15;14;89;1404;2464;2972;37064;50628;90443;174623;628571;22892643
184;9;11;14;34;44;0;3;11;31;958;2850;2155;30795;41289;132760;161344;578742;34277572
185;6;25;31;40;45;0;3;2;31;634;1098;1627;23932;29771;52421;130774;461970;21710674
186;5;21;34;37;38;0;4;5;54;922;1995;2484;35980;43494;96708;202011;635852;32681581
187;9;16;26;36;39;2;10;6;77;867;1519;2404;30235;33262;60870;159812;443657;20838462
188;3;10;18;31;37;1;1;6;63;1223;2393;3217;46317;56616;108564;241702;813465;35383272
189;1;10;44;45;48;0;2;5;33;633;1122;1427;23034;28096;55414;124189;445156;22426903
190;4;26;27;30;39;0;4;5;42;972;2147;2260;32053;46501;102326;167736;691678;33744069
191;22;38;40;42;47;0;1;8;32;551;1221;1243;18775;24162;60761;105886;355128;21696568
192;4;22;29;37;41;1;5;8;79;1251;2276;3957;57143;56477;103499;301636;818473;36580162
193;2;20;22;26;47;0;3;10;41;705;1261;2198;34125;35136;63819;189500;532881;23393298
194;4;10;22;27;41;0;4;15;52;1292;2939;2114;30966;53005;125358;158630;724839;34179889
195;2;7;8;36;49;3;2;9;50;996;2257;2590;38095;46444;107533;199783;691259;35402908
196;17;24;26;27;49;0;5;11;60;1100;1964;4175;65596;57710;100353;344435;896679;36573991
197;14;18;20;23;32;0;5;9;43;1223;2610;2646;37690;55402;120289;197413;771723;35955377
198;3;5;22;40;42;1;11;20;61;1557;3085;3373;48628;71310;148376;254119;1054576;49297492
199;14;18;20;35;44;0;4;5;52;1034;1776;2883;44407;46777;82415;241746;701649;30026141
200;10;11;29;40;43;0;4;16;58;1188;2537;2466;36455;58460;123735;193321;871206;41302687
201;1;4;9;43;50;0;3;3;43;903;1930;2148;31910;41806;88479;173202;594997;27037310
202;10;16;18;31;42;0;4;11;78;1358;2443;4034;59254;62207;107520;316475;908786;38185499
203;5;10;28;29;44;0;2;6;47;969;1850;2395;34389;43993;82263;174096;615881;25122489
204;10;18;23;24;40;0;8;7;64;1353;2353;3151;44949;62246;112813;228795;913638;37015467
205;6;10;23;44;49;0;5;9;53;933;1945;1913;27722;36965;74001;148964;528660;23374291
206;1;9;11;20;40;0;11;15;119;2063;3214;4257;54381;72807;121024;244256;909148;35040341
207;28;30;42;45;49;1;1;7;150;725;1286;1519;22841;29801;61341;125380;460648;24240522
208;10;15;19;23;41;0;8;13;87;1470;2900;3776;54434;69142;125085;270947;937229;37458898
209;11;16;21;24;29;1;21;25;174;2493;4453;6297;81487;95247;184127;390045;1285479;53029003
210;14;21;22;28;47;0;9;14;138;2257;4164;5794;78766;118488;206667;401261;1586935;63109153
211;7;20;25;35;41;0;2;14;71;1241;2504;3364;51791;57367;118602;282172;882549;42333921
212;3;6;10;11;44;0;11;15;103;2310;3982;4953;66457;101063;175674;326370;1353257;51921621
213;23;24;25;31;44;0;6;9;61;1022;2065;2698;37975;54010;98630;201595;808319;34653285
214;5;6;9;27;38;0;4;11;68;1774;3603;3710;51098;82297;166225;263075;1088765;45459764
215;1;28;35;38;50;0;4;5;47;873;1957;1864;26489;37567;84221;139719;539694;28125321
216;16;29;37;40;44;0;3;10;40;1293;2765;2447;34811;53070;116458;187038;759500;40996260
217;10;32;40;41;49;0;3;12;57;624;1267;1996;31724;30309;61853;189755;472929;25359538
218;6;7;17;35;43;0;6;5;86;1069;2446;3697;58894;55134;112238;319520;846416;38104030
219;2;8;10;23;25;0;10;17;54;1449;2378;2158;28964;52054;90972;138176;634113;23674415
220;9;16;18;19;21;0;6;13;94;1785;3016;3712;46124;79326;127466;219704;1045093;37099345
221;4;16;21;36;42;0;6;7;47;982;1526;1696;23972;37329;62549;130135;534504;22538364
222;20;23;26;30;33;1;18;31;106;2137;4120;5319;77815;92587;178308;410460;1386578;61472101
223;7;25;27;48;49;0;1;12;26;688;1425;1624;24281;32717;71652;129700;497746;23319351
224;4;19;34;41;43;0;5;7;45;961;2151;2079;31700;45612;97479;174141;692243;36011503
225;6;7;38;39;44;0;2;4;27;548;926;1633;28873;28064;48805;169274;482443;21382031
226;3;10;23;27;44;1;9;15;105;1779;3016;4103;56968;73503;125676;279367;974602;36190168
227;6;15;22;37;44;0;7;13;50;838;1588;1926;27790;34061;65288;147164;486463;21934286
228;13;15;30;35;42;1;7;6;74;1258;2356;3938;56790;57081;114684;294231;850151;38948962
229;11;17;18;39;44;0;4;4;33;688;1504;1578;24525;34758;72146;130785;539763;24605485
230;16;28;31;33;48;0;3;8;53;1079;2186;2235;33646;49596;106558;184154;740890;37444404
231;1;18;25;26;44;0;3;8;42;734;1341;1754;26010;34785;63418;140376;518210;22466382
232;5;6;12;19;37;1;6;11;184;2035;3418;7798;94104;82898;144013;437780;1054228;39466563
233;4;5;17;38;48;0;2;1;36;772;1367;1826;28525;37450;67684;152760;587271;25061187
234;19;25;28;33;44;0;9;6;95;1240;2434;4321;63751;58529;113120;322851;850702;37254716
235;1;16;38;42;45;0;2;7;29;599;1250;2010;20295;28130;62756;114341;439931;25049475
236;11;17;21;48;50;1;14;24;119;2925;6512;6378;95192;139424;307015;501558;2089032;100462716
237;20;27;34;46;50;0;7;21;92;2213;4323;4758;72340;99959;191378;402569;1531360;71239058
238;24;34;35;42;46;0;5;11;102;1869;3677;4867;75342;91150;181019;431979;1412821;72028983
239;4;29;35;36;39;0;6;12;64;1298;2487;3205;49267;64551;121119;270186;1013757;48057754
240;14;15;21;23;48;0;16;25;141;2720;6106;6586;98588;130475;284470;516608;1957361;91766645
241;4;16;18;25;44;0;3;9;62;1010;2534;2383;33455;44578;113810;178391;638250;33830104
242;10;19;23;45;49;0;7;7;59;1532;3491;2909;43908;68636;153630;218456;998782;48243949
243;2;7;24;43;46;0;2;10;28;673;1649;1630;24373;35481;82371;134883;548619;29137556
244;8;18;25;35;46;0;10;13;93;1499;2962;4327;66001;66013;130864;357394;1002796;48006851
245;1;3;16;24;37;0;3;10;41;881;1670;1999;29287;39023;76607;150093;574601;25818071
246;31;32;38;40;42;0;4;4;48;942;1882;2304;35867;43181;87027;211856;697179;38110319
247;2;7;22;27;40;0;4;11;51;1067;2192;2389;33570;42348;84140;170300;587693;23587013
248;14;17;28;29;39;0;5;19;58;1279;3748;2461;33644;51247;143755;170697;690013;35524084
249;1;11;20;22;35;0;2;6;32;745;1833;1291;18533;32264;82193;96192;443465;21550279
250;14;18;19;43;49;0;0;6;55;970;1768;3796;64878;45265;84079;376899;745644;34059924
251;7;17;20;35;50;1;2;9;35;830;1723;1568;22147;33233;65957;113595;485044;21261212
252;10;22;27;38;48;2;6;17;131;1380;2558;5286;76714;59727;111278;404714;864479;36963922
253;8;15;26;30;48;0;1;7;31;745;1764;1209;18290;31461;74181;97583;449106;22834614
254;5;11;22;34;40;2;24;38;128;2719;6154;4919;71006;109364;247053;369856;1506538;72120151
255;13;34;37;47;49;0;6;7;78;1585;2863;3413;47631;69727;128483;254793;990343;46719892
256;2;4;14;26;36;0;6;14;70;1868;4264;3544;49645;82209;191077;266002;1194714;59226295
257;8;15;17;25;28;0;10;28;52;1774;3697;2450;34109;64235;140497;172867;831841;35287555
258;12;22;35;46;49;0;9;11;124;1664;3347;4928;69351;67811;135007;380980;994684;46658759
259;16;31;32;37;41;0;3;10;33;765;1349;1895;29553;35792;66511;173627;561150;28628898
260;13;29;43;47;50;0;4;10;69;1311;2694;2844;40373;58621;123420;205381;852298;43542989
261;2;11;13;26;50;0;4;14;71;1138;1844;3245;42330;47280;78311;203235;638500;23938788
262;1;13;17;38;44;0;7;9;50;1024;2460;2165;31766;49112;115858;164958;727917;36100539
263;3;21;34;38;48;0;6;4;92;769;1292;2500;36321;32818;55541;189424;470297;20539001
264;3;26;39;40;41;0;5;4;42;860;1728;2136;31850;42953;84942;184934;660710;34277267
265;4;5;15;19;41;0;2;9;28;533;1317;994;15059;25061;61904;78837;368370;17718718
266;20;27;30;36;43;1;4;4;74;918;2060;2817;40405;46390;99273;225991;713910;36062200
267;8;9;24;43;48;0;3;3;29;607;1193;2084;35984;30953;54717;202039;489273;21362477
268;3;6;29;32;41;0;6;12;35;794;2361;1694;26725;34215;109905;148067;509929;34473074
269;10;28;33;48;49;0;1;5;25;540;1164;1122;15880;23816;55573;83741;357242;19707865
270;8;13;26;39;43;1;15;26;141;2114;3386;5633;79750;81131;133330;411536;1125661;44498584
271;22;25;27;36;37;0;6;5;46;542;1039;2029;33014;31131;53872;181981;497903;21161643
272;11;20;30;35;45;0;7;13;50;1310;2375;2546;36414;55448;98125;191289;807259;34486225
273;1;8;18;25;30;0;3;13;33;762;2107;1166;16629;32271;80452;86303;429980;20988601
274;4;17;23;36;46;0;5;9;52;896;2424;1863;27067;42120;103421;144806;615540;33021200
275;24;27;29;34;36;1;0;8;24;577;1035;1338;20438;28358;48352;112363;449052;19306653
276;9;15;23;31;50;1;7;11;43;1200;2897;2251;31393;50107;123146;162436;707217;34676559
277;15;16;28;30;46;0;2;8;35;672;1146;1486;21898;31068;55319;115946;449131;19536554
278;3;4;12;23;50;1;6;9;96;1638;3154;4895;67484;77204;145513;318937;1006306;37376758
279;1;10;25;43;47;0;5;5;18;641;1190;1426;21909;30858;57881;123959;481172;22781518
280;3;32;36;39;47;0;3;4;45;955;1730;2614;40247;46178;86633;231625;708297;35962690
281;23;24;27;37;47;0;1;6;29;586;1228;1825;27593;29488;63354;157816;428041;20555616
282;5;6;11;30;44;1;2;7;95;1546;2719;4377;61008;64612;117541;307319;882209;36471720
283;1;10;17;33;48;0;5;5;35;804;1409;1495;22560;34322;59963;118182;506436;20751542
284;3;7;12;26;34;1;8;16;58;1567;4328;2503;35081;64301;170702;181096;875345;40769486
285;11;14;24;25;29;0;2;14;39;921;2161;1712;24001;39937;86019;120486;546396;23662179
286;4;11;28;38;47;0;8;15;39;1028;3737;2062;30546;41823;142100;160589;582628;37244301
287;14;27;36;42;46;0;3;8;34;668;1405;1332;20091;29014;64176;105734;426237;23003645
288;3;8;14;31;41;0;1;5;39;1013;2361;2060;30204;48485;108924;161115;726735;35342272
289;3;15;17;28;33;1;9;11;88;1227;2306;2723;36127;48775;96074;177697;635654;25457234
290;16;19;20;25;28;0;10;10;37;1204;3182;2197;30932;52254;140689;162646;738542;38559384
291;9;34;38;43;45;0;3;6;42;605;1218;1662;24167;29624;57713;141326;446389;22302903
292;10;13;19;39;44;0;4;16;77;1205;2447;3723;56768;57162;112082;295527;852691;36346003
293;1;2;6;20;36;0;0;3;16;511;1357;1085;16514;26031;65598;88707;382435;20330453
294;2;10;22;27;28;1;3;12;79;1836;3572;4036;54497;73907;143284;270576;963795;38747024
295;12;22;30;31;44;0;7;9;48;851;1492;2095;30213;40441;70023;151739;573999;22788778
296;13;14;21;27;39;0;10;10;110;1919;3884;4769;64279;88522;174282;303007;1158179;44387522
297;4;9;10;30;40;0;3;5;48;968;1642;2281;31524;44329;77188;159941;536686;21921210
298;1;6;10;12;31;2;9;26;213;2602;4821;5979;70641;91884;163694;340129;1090287;41425458
299;3;30;42;45;49;0;2;1;33;742;1326;1631;23842;35733;66665;129809;504610;25203217
300;16;36;43;44;50;0;2;6;68;1081;1969;2742;41171;54255;98652;234828;861187;42696916
